{"initial_reset_timestamp": 26724607.438814458, "timestamps": [26724607.63518715], "episode_lengths": [50], "episode_rewards": [0.0], "episode_types": ["t"]}