{"initial_reset_timestamp": 26800706.343744937, "timestamps": [26800706.601768453], "episode_lengths": [50], "episode_rewards": [0.0], "episode_types": ["t"]}